מס',כלל,הסבר הכלל,מקור,Ver,חסר
1,אביי ורבא,"רבה [בר נחמני] הוא רבו של אביי ורבא
אם רבא קודם אביי , נאמר שיש טעות גירסא",הליכות עולם,8,
2,אדרבה איפכא מסתברא,"בשימוש כשהקושיא היא רק מכח סברא החיצונה
בא כדי לחזק את קושייתם 
מסקנת הגמרא כמי שאומר 'אדרבה איפכא מסתברא'",,10,
3,אדרבה/אדרבא,"אין  דבר  רק  בהיפך \  אלו  דברים  ראוי  בהפך  אמירתם 
",,10,
4,או אינו אלא,הכוונה היא לקיים ולאמת את הפירוש הנאמר על ידי השערה חדשה,,10,
5,אחרים אומרים,"אחרים אומרים' רבי מאיר, 'ויש אומרים' רבי נתן
כשהיה רבי מאיר אומר דבריו בשם אלישע בן אבויה אז היו אומרים עליו 'אחרים אומרים'","של""ה",8,
6,אטו,"גזרינן היתרא אטו איסורא ,דוקא בדברים דומים שאנשים מחליפים ביניהם המתדמים ומיחלפי להו לאינשי למשרי האי כי האי",הליכות עולם,9,
7,אי איתא לדרב פלוני,ובאמת הלכה כר' פלוני ,כללי הגמרא ,8,
8,אי הכי,"אי אמרת בשלמא לדידי לא קשה, אני מקשה על הקושיא שלך (מסלק אוקימתא) והקושיא שלי בעינה עומדת",הליכות עולם ,7,
9,אי נמי,"אי נמי'  'ועוד', 'ואומר', 'וכתיב', הוא לחזק הדבר יותר","של""ה",8,
10,איבעיא להו,חכמים בני הישיבה שהיו נושאים ונותנים באותה הלכה ויצאה זו השאלה מביניהם,הליכות עולם ,8,
11,איבעית אימא,"איבעית אימא  ואיבעית אימא', יותר טוב התירוץ השני , ויש דוחק  מה בתירוץ הראשון
'ואיבעית אימא  ואיבעית אימא', שני התירוצים הם שווים",כללי שמואל ,8,
12,איידי,"שלא היה יכול לומר טעם אחר , צריך לומר 'איידי' ",כללי הגמרא ,8,
13,איידי דבעי למתני הך מילתא בסיפא תנייה נמי ברישא,אומרים כך אפילו שהרישא והסיפא נאמרו על ידי תנאים שונים ,יד מלאכי,8,
14,איידי דתנא ברישא תנא בסיפא,הביאו דברים מיותרים ברישא או בסיפא ברדך אגב,הליכות עולם,8,
15,איכא דאמרי,"רש""י: דאורייתא לחומרא, דרבנן לך אחר האחרון 
רבינו תם: דאורייתא לחומרא, דרבנן לקולא 
ריב""א: הראשון עיקר 
הליכות עולם: הלכה לפי האחרון","של""ה",8,
16,איכא דמתני לה אהא,"לישנא קמא כמו המשנה \ ברייתא 
לישנא אחרת כמו משנה אחרת ",יד מלאכי,11,
17,אילימא,"1.שני חלוקים ועליהם מקשה
2. אם לא הקשה על חלוק אחד, אז זה בא לבאר 

(הנחת יסוד שלא תתקבל )","של""ה",8,
18,אימא סיפא,"כשהגמרא מביאה ראיה מרישא דמתניתין ויש קושיא על דבריו מהסיפא.
אבל אם הקושיא היא על מימרא - אזי אומרים שאולי הוא לא ידע את הסיפא ",,10,
19,אין בין זה לזה אלא כך וכך,או לחומרא או לקולא,,,
20,אין הלכה כאותו הזוג,"אין הלכה כמותו, אבל אין זה אומר שהלכה כתנא קמא או כחכמים ",גופי הלכות ,11,
21,אין הלכה כאותו הזוג \ אין הלכה כפלוני ,"תנא קמא + רב פלוני + חכמים - אין הלכה כפלוני, והלכה כתנא קמא ולא כחכמים",גופי הלכות,9,
22,אין לך בו אלא חידושו,,,,אין הסבר
23,אין למדין מן הכללות,,,,אין הסבר
24,אין רוח חכמים נוחה הימנו,"הרבה פירושים נאמרו : אין נחת רוח לחכמי ישראל במעשיו של זה
יש לב""ד למנוע הדבר הזה ולקרותו עבריינא ",,11,
25,אינה משנה,"כל מקום שתמצא ב""ש מקילין וב""ה מחמירין וזה הפך המפורסם מסברתם לפיכך תדע שהמשנה מוטעית. חוץ מן המקומות הידועים שהם מקולי ב""ש ומחומרי ב""ה",יד מלאכי,8,
26,איני והא,"קושיא היא ובתמיה,  איני  (האל""ף בציר""י) וכי כך הוא והא אמר פלוני וכו'",הליכות עולם,8,
,אימר,הנחה שנדחתה,,14,
27,איפוך,"איפוך -  ההוא דפריך מחליף
אלא איפוך - ההוא דמייתי מחליף
מוחלפת השיטה - ההוא דמייתי מחליף
אלא מוחלפת השיטה -  ההוא דפריך מחליף","גופי הלכות (רא""ש)",11,
28,איפוך אנא,"""איפוך אנא"" היינו דיש הכרח לומר להיפך 
""ומה ראית"" הוא דאין הפרש בין זו לזו להכריע",קרבן אהרן,11,
29,איפכא מסתברא,"יותר מסברא איפכא, אבל לקושטא דמילתא גם זה לא נכון ",כללי הגמרא ,11,
30,איפכא שמעינן להו,,,,אין הסבר
31,איתיביה,"איתיבי : מחלוקת על היחיד
מיתיבי : מחלוקת על הרבים",מבוא התלמוד,7,
32,איתמר \ אתמר,פתיחה להבאת מחלוקת אמוראים,,8,
33,אל תקרי,"מ""מ לא יצא מידי פשוטו",יבין שמועה,11,
34,אלא,"שלשון אלא מורה שהתירוץ הראשון לעולם דחוי שכך משמע לא כך אלא כך
(לעולם - דחיה - אבל יש דרך לחזור)",הליכות עולם,11,
35,אלא אי איתמר הכי איתמר,"היכן שהקשו על מימריה דאמורא שלא בפניו 
אם הקשו ליה לאמורא פנים אל פנים אז יאמר 'אלא אמר ר""פ' ",יד מלאכי,8,
36,אלא איפוך,"איפוך -  ההוא דפריך מחליף
אלא איפוך - ההוא דמייתי מחליף","גופי הלכות (רא""ש)",11,
37,אלא מאי,"בר פלוגתיה משיב לו באמצעות קושיית
- 'וליטעמיך' : תשובה בדוחק
- 'אלא מאי' או בלי שום אמצעי : תשובה מרווחת","של""ה",8,
,אלא מעתה,לשון של שאלה,,14,
38,אלימא,לא בא להקשות אלא לבאר ,כללי שמואל ,10,
39,אלמא,"אלמא : בקמץ תחת הלמ""ד
- שמע מינא
- למה
- סברה שאינה מוכחת","של""ה",8,
40,אלמא קסבר,אלמא קסבר ר' פלוני - לא שייך אלא כשרוצה להקשות עליה ,יד מלאכי,11,
41,אם איתא לדרבי פלוני,הלכתא הכי ,יד מלאכי,11,
42,אם כן,אם כן כסברתו של השני ,עין זוכר ,11,
43,"אם למקרא, אם למסורת",,,,אין הסבר
44,"אם תמצי לומר, אם תצמא לומר, אם תמצי למר","לדעת הרמב""ם שכל את""ל הוי כמו פשיטותא - וכך הלכה ",יד מלאכי,10,
45,אמוראי דנהרדעי ,רב חמא,,11,
46,אמוראי דפומבדיתא ,רבה ורב יוסף,,11,
47,אמוראים,"משנה שגורה בפי כל, ברייתא לא שגורה בפי כל ",,12,
48,אמר מר,"כשהגמרא רוצה לעשות משא ומתן על מה שנאמר קודם 
- אם מה שקדם הביאו הגמרא במקרה  \  או שהביאו הברייתא 
אם הביאו במקרה - זה גופא","כללי שמואל
של""ה",7,
49,אמר ר' פלוני,"שנאמר בבית המדרש
במחלוקת בין חכמים אומר בחכם אחרון שחולק 'פלוני אומר'  מקדים שמו לאמירתו","כללי שמואל
הליכות עולם",11,
50,"אמר רב יוסף, דרשינהו רב נחמן להני קראי כסיני",לרב יוסף היו המשניות וברייתות סדורות לו כנתינתן מהר סיני,רבנו גרשום,10,
51,אמר רחמנא,הלכה למשה מסיני,סדר תנאים ואמוראים,8,
52,אמרה תורה,"אדבר שאין כתוב בתורה רק בדברי קבלה
(ראה עוד פרושים)",רבי יוסף ענג'ל,11,
53,אמרי,אי כלהו מרבנן שמעוה למלתא ואמרוה כחדא ,ר' שרירא גאון,8,
54,אמרי תרוויהו,"רק בדבר בזה הם מסכימים, ובשאר מקומות הם בר פלוגתה",כללי שמואל ,8,
55,אני אומר – אומר אני,"אני אומר : מדגיש את האני 
אומר אני : מדגיש את האמירה ",רבי אהרן מגיד,10,
56,אסמכינהו רבנן אקראי,הלכה למשה מסיני,,8,
57,אף אנן נמי תנינא,"תניא נמי הכי \ תניא דמסייע לך \ אף אנן נמי תנינא - המאמר מובא לצרכי סיוע ולא להקשות 
מאי נפקא מינה \ למאי הלכתא - מה התועלת היוצא מהמאר הזה ","של""ה",7,
,אף,בא להוסיף ולא לחלוק,,14,
58,אף על פי – אף על גב,"אע""ג דמימרא\המשנה\הברייתא ההיא נראה דקשיא לן, יש לנו לתרץ כך","של""ה",11,
59,אריוך," הוא שמואל (הכהן), על שם שהלכה כמותו בדיני ואריוך היה מלך ודינא דמלכותא דינא. באיסור לית הלכתא כותיה",הליכות עולם,11,
60,אתה אומר,"כדרך ..שאומר לו על דבר המוסכם אצלו, 'אני אומר', או בדבר המוסכם לחבירו, 'אתה אומר'",אוצר לשון התוספתא,12,
61,איתמר,פתיחה להבאת מחלוקת אמוראים,,10,
62,אתקפתא,קושית אמורא מכח פלפול וסברא ולא מכח משנה וברייתא,הליכות עולם,8,
63,באמת אמרו,כל באמת אמרו הלכה היא ,הליכות עולם,10,
64,בין בין,"""בין"" האחרון פשוט יותר מ""בין"" הראשון",יד מלאכי,11,
65,בית הלל כסתם משנה חשבינן להו,בית הלל כסתם משנה ,הליכות עולם,11,
66,במאי אוקימתא,מסיק כך המקשן מתוך דברי המקשן - אף על פי שלא שמע מהאמורא,הליכות אלי ,10,
67,במאי עסקינן,שואלים בתלמוד על המשנה - כאשר יש במשנה דבר לא מכוון,"רש""י",10,
68,במאי פליגי,כאשר יש שווי משקל בסברא של כל אחד משני החולקים,הליכות אלי,10,
69,במאי קא מיפלגי,באיזה סברא נחלקו ,"כללי שמואל - של""ה",11,
70,במה,"- לחלוק (במשנה) 
- לפרש דברי חכמים",יד מלאכי ,11,
71,במה דברים אמורים,"- לחלוק
- הלכה למשה מסיני",ספר הכריתות,11,
72,במה הכתוב מדבר,"פירוש למד מענינו כל דבר סתום שאין מפורש בו 
במה מדבר מדה בתורה שנלמוד מן הענין המפורש הסמוך לו. (לא תגנוב)",הליכות עולם ,11,
73,במה הענין מדבר, = דבר הלמד מענינו : שנלמוד מן הענין המפורש הסמוך לו,הליכות עולם ,11,
74,במשמעות ריבויי ומיעוטי,"מי שדורש כללי ופרטי הוי הפרט פירוש של הכלל
מי שדורש ריבויי ומיעוטי אין הפרט פירוש אלא מיעוט שממעט מקצת ומניח מקצת",הליכות עולם ,11,
75,בנין אב,"שהכתוב יגלה ויפרש במקום אחד, וממנו למדין בכל המקומות הדומין לו","של""ה",11,
76,בנין אב משני כתובים,"למדים מהצד השוה של שתי הכתובים (ראב""ד)","של""ה",11,
77,בעי מיניה,"שאלה מאמורא על אמורא
בנושא זה קא מבעיא לי אם דינו בנושא ראשון או דינו בנושא שני ",כללי שמואל,11,
78,בשלמא,צריך לשאול איזה דוחק יש על אותו אמורא שאמרו עליו בשלמא ,יד מלאכי ,11,
79,גוזמא,"1. דבר שלא יתכן במציאות 
2. דבר שלא מתקבל על הדעת ",הליכות אלי ,11,
80,גופא,כשעוברים לדון על ברייתא או מימרא שהובאה במקרה קודם והופכים את הדיון לעצם העניין,"של""ה",7,
81,גזירה,"גוזרים רק על דבר מדאורייתא
גוזרים רק על דברים דומים שיכול אדם להחליף ביניהם ",הליכות עולם,11,
82,גזר הא אטו הא,לאו גזירה אלא  קנסא ,יד מלאכי ,11,
83,גמירי \  הלכתא גמירי לה ,הלכה למשה מסיני,הליכות עולם,9,
84,דאורייתא,דרבנן - יש לו סמך בקרא ,רבי ישראל יעקב אלגאזי,11,
85,דבי ר' ישמעאל תנא,"תנא דבי רבי ישמעאל כך הלכה
דבי ר' ישמעאל תנא אינה הלכה",הליכות עולם,11,
86,דבר אחר,יש קושיא בדרך הראשון,"של""ה",11,
87,דבר הלמד מענינו ודבר הלמד מסופו ,"דבר הלמד מענינו : שנלמוד מן הענין המפורש הסמוך לו
ודבר הלמד מסופו :שנלמוד מן הענין עצמו",הליכות עולם,11,
88,דבר תורה,"דבר תורה ממש, ומשמע הלכה למשה מסיני ",כללי התלמוד,11,
89,דברה תורה כלשון בני אדם,איכא מאן דאית ליה דברה תורה כלשון בני אדם ולא דרשינן הכפולות ואיכא מאן דלית ליה הכי ודרשינן הכפולות,הליכות עולם,11,
90,דברי הכל,דברי כל באי עולם - לא רק תנאים ואמוראים ,יד מלאכי ,11,
91,דייקא נמי דקתני,מדייקים את אותו הדיוק למרות שהוא פשוט,גופי הלכות,8,
92,דילמא,דחיה ,יד מלאכי ,11,
93,"דכל מקום ששנה רשב""ג במשנתינו הלכה כמותו",,,,אין הסבר
94,דלא סבירא ליה,,,,אין הסבר
95,דרש אפתחא דבי ריש גלותא,דרש אפתחא דבי ריש גלותא,תולדות דרכי התלמוד,11,
96,"הא אתמר עלה אמר ר""פ",ליכא מאן דפליג עליה - וכן הלכה ,יד מלאכי ,11,
97,הא לא קשיא,"אם אין קושיא אחרת אלא זו, זו אינה קושיא",הליכות עולם,11,
98,הגע עצמך,,,,אין הסבר
99,הואיל ואישתרי אישתרי,,,,אין הסבר
100,הויה,משא ומתן בדברי המשנה,,11,
101,החומרא,"תנאי א - שקיימת דיעה מחמירה אף שהיא לא להלכה , או סייג, או צורך
תנאי ב - לבדו בפני עצמו - בפני רבים אסור - יוהרא ","שמ""ש מזרח ",11,
,,,,,
103,היכי הוה עובדא,היכי דמי,,11,
104,הכא במאי עסקינן,"אומרים על תנאים כדי להסביר דבריהם ולא על אמוראים 
לא מכוון להלכה",הליכות עולם,11,
105,הכי אתמר,"= הכי קאמר - אתא לפרש דה""ק מתניתין, ועל כל פנים הוי תירוצא בדוחק",כללי שמואל,12,
106,הכי דמי,"- שואל על הנושא מהו
- שואל על הדין מהו הדין היוצא (מאי נפקא מינה) 
מכוון להלכה","של""ה
כללי שמואל",11,
107,הכי נמי מסתברא,תירוצא לאו דרך דחיה אתמר אלא לפום קושטא דמילתא (אמת הדבר),שיטה מקובצת,11,
108,הכי קאמר,"= הכי אמתר - אתא לפרש דה""ק מתניתין, ועל כל פנים הוי תירוצא בדוחק",כללי שמואל,11,
109,הכי קתני,לפעמים קאמר 'הכי כתני' וצריך לומר 'חסורי מחסרא  קאמר' ,הליכות אלי ,12,
110,הכל מודים,עדיך לומר 'הכל מודים' מלאמר שרבים מודו ליחיד  ,גופי הלכות ,11,
111,הכתוב מדבר,"פירוש הכתוב - שואלים למה התכוון המקרא - כי יתכן שזה כך או כך 
טעם הכתוב - לא יתכם אחד הפירושים של 'פירוש הכתוב'
בשביל טעם הכתוב אין לדחות שום פירוש הכתוב",,12,
112,הלכה ואין מורין כן,יכול לעשות כן בפני רבים היכא דמצי לאשתמוטי (להתחמק) ולומר דמטעם אחר הוא עושה,יד מלאכי,12,
113,הלכה למשה מסיני,"הלכה למשה מסיני \ אם הלכה נקבל \ הלכה אני אומר - ביטויים להלכה למשה מסיני
אין דנין י""ג מידות על הלכה למשה מסיני
הלכה למשה מסיני \ במה דברים אמורים \ בזמן \ באמת - ביטויים להלכה למשה מסיני","הליכות עולם 
ספר כריתות",7,
114,הלכתא,"הלכתא זה חתימת הסוגיא, וגם חוזר על התיובתא",הליכות אלי,7,
115,הלכתא נינהו,,,,אין הסבר
116,הניחא,"הניחא למאן דאמר .. אלא למאן דאמר - זה לא מכוון להלכה
בשלמא - זה מכוון להלכה",יד מלאכי,7,
117,הרי אמרו,"הכוונה לא להגיד שרבים סברו כך, אלא בעלמא קאמר",הליכות עולם ,7,
118,הרי הוא אומר,,,,
119,הריני כבן עזאי בשוקי טבריא,מוכן להשיב דבר לשואל בעומק ובחריפות כבן עזאי שהיה חריף ודורש בשוקי טבריא,"רש""י",12,
120,השתא,"לא סברי להו - תלמידי רשב""א. מר""ן לא מסכים ",כללי הגמרא,11,
,השתא שאתית להכי,מה הקשר - ההבדל זועק לשמיים,,14,
121,התורה העידה,לאו דוקא מן התורה אלא אסמכתא מדרבנן ,שב שמעתתא ,11,
122,התנן - התניא,"התנן \ התניא - קושיא  - בא להפריך הראייה הקודמת
הא תנן \ הא תניא - סיוע - בניחותא",כללי שמואל,11,
123,ואזדא ר' פלוני לטעמיה,בא לבאר דעתו של רב פלוני \ סובר כמותו ,יד מלאכי,7,
124,ואיתימא,"יש שתי מסורות ואי אפשר לייחסה לאחד מהם, לא ניתן להקשות לגבי המסורת",,14,
125,ואם נפשך לומר,ואם יש לך להשיב ולהקשות כלום על טעם זה צא ולמד ממדרש אחר,"רש""י",11,
126,ואמרי לה,לישנא אחרינה הוא - פירוש מחודש,הליכות עולם ,7,
127,והאמר,"זימנין דמקשה התלמוד והאמר אמורא, לאו מההוא אמורא קא מקשה אלא ממסקנא דתלמודא דקא מסיק",עין זוכר ,11,
128,והאנן תנן,"והאנן תנן - קושיא 
והא אנן תנן - בניחותא",מבוא התלמוד,11,
129,והלכתא ≠ הלכתא,"והלכתא - היכן שלא היה צריך לפסוק כי אין מאן דפליג , אלא שדרך התלמוד כך

הלכתא : קביעת הלכה ע""י תוספת מאוחרת סבוראים 
והלכתא : קביעת הלכה ע""י בעל הגמרא","חידושי הרמב""ן",14,
130,והתניא-והא תניא,"והתניא  - קושיא 
והא תניא - סיוע, בניחותא","של""ה",11,
,וכי תימא,אוקימתא בדוחק,,14,
131,וכן אמר ר' פלוני,"כאשר לא מביא את דעתם של שני האמוראים שהם שני אמוראים חברים (רב ושמואל..) אלא אומר ""וכן אמר רבי פלוני"" אז השני חלק עליו",גופי הלכות,7,
132,וכן הוא אומר,בא לתת טעם אחר,,14,
133,ולא היא,שאינה סברא כלל ,יד מלאכי,11,
134,ולבסוף מאי קשיא ליה,,,,אין הסבר
135,וליטעמיך,"ולי טעמך - ""ולדידך מי ניחא"" שהקושיא שהרשה לו קשה גם ומקשה, 
ולי טעמך, כשאין לו קשה אותה קושיא  עצמה אלא אחרת","של""ה",7,
136,ומה אני מקיים,,,,
137,ומה ראית,"""איפוך אנא"" היינו דיש הכרח לומר להיפך 
""ומה ראית"" הוא דאין הפרש בין זו לזו להכריע",קרבן אהרן,11,
138,ועליו הוא אומר,,,,
139,ורמינהו,"כשמקשה ומשליך משניות וברייתות הסותרות זו לזו, או פסוקים זה על זה",הליכות עולם,8,
,ותו \ ועוד ,"ותו - בא לחזק מימרא קודמת באותו נושא 
ועוד - בא לחזק מימרא קודמת בנושא אחר (להיפך??)",??,,
140,ותנא מייתי לה מהכא,שהאמורא יליף איזה דבר מפסוק א' והתנא מייתי לה מקרא אחרינא,יד מלאכי ,11,
141,זאת אומרת,"כל ""זאת אומרת"" הלכה
כשיש משנה\ברייתא ואומר עליה זאת אומרת פירושו היא דבלאו אותה משנה\ברייתא לא הוה ידעינן ההוא דינא ","גופי הלכות
יד מלאכי",11,
142,זה הכלל,זה הכלל לאתויי מאי? עדיף לרבות דבר המפורש במשנה יותר מדבר שדינו לא בא מפורש במשנה,יד מלאכי,11,
143,חד אמר וחד אמר,"ולא אמרו מי אמר מה - כדי שלא נפעיל את הכלל ""רב באיסורא ושמואל בממונא"" . וכשאומר ""תסתיים"" מכריעים כאחד מהם להלכה","רבי ראובן מרגליות 
מבוא לתלמוד",11,
144,חידוש,"מצווה\הלכה בתורה, שחלק מכלליהן ויסודותיהן אינו לפי הכללים ההלכתיים הרגילים
חדשה התורה ואין לך בו אלא חדושו, וגם לא ילפינן מחידוש למקום אחר",גופי הלכות,11,
145,חסורי מחסרא,"1. לא חסר במשנא כלום, החסרון הוא אצלנו
2. הגהה על המשנה","1. רבנו בחיי 
2. כללי שמואל",7,
146,חסורי מחסרא ~ מעשה לסתור,מקשה 'מעשה לסתור' ומתרץ חסורי מחסרא והכי קתני. באמת לא חסר כלום אלא שהמשנה קיצרה,רבי זכריה פראנקל ,12,
148,טעם הכתוב,ראה - הכתוב מדבר ,,12,
149,טעם המקרא,ראה - הכתוב מדבר ,,12,
150,יכול,הייתי סבור לאמר - מדרש ההלכה מביא אפשרות להבנה מטעה ומצטט את הפסוק המבסס את הפירוש הנכון,,11,
151,יש מחליפין,מוחלפת השיטה,,11,
,כגון,"רש""י - בא להוסיף 
תוספות - בא למעט",,14,
152,כוחא דהיתרא עדיף,"כוחא דהיתרא עדיף' מ""מ היכא שהאיסור הוא חידוש ",הליכות עולם,11,
153,כולי עלמא,על הנהו תנאי דמדכרי התם במשנה או בברייתא ולעולם דאיכא מאן דפליג,עין זוכר ,11,
154,כי סליק רב פלוני \ כי אתא רב פלוני,מבבל לארץ ישראל \ מארץ ישראל לבבל ,הליכות עולם ,8,
155,כי תימא,מציע השואל תשובה שאותה הוא דוחה מיד,,11,
156,כל הראוי לבילה - אין בילה מעכבת בו,"- אבל היכא שלא נעשה כלל מאותו ענין אין אנו אומרים 
- בדיעבד לא עיכב אבל לא שנסמוך ע""ז לכתחילה ",יד מלאכי,12,
157,כעורה זו ששנה רבי,כלומר וכי מכוערת היא בעיניך משנה זו ששנה רבי ,"רש""י",12,
158,כתנאי,"- מחלוקת התנאים בעיקר הדין, אך לא ידענו מה תהיה סברת תנא דידן עד דאפליגו אליביה שני האמוראים
- אוקימתא - זה לא כמי לימא כתנאי","תולדות יעקב 
ראשון לציון",14,
159,לא דריש \ לא משמע ליה,"לא דריש: אינו ר""ל דלא דרשי ליה כלל אלא דלא דריש ליה לההיא דרשא שהוזכרה שם
לא משמע ליה: דלא משמע ליה דאתי לשום דרשא ",יד מלאכי,11,
160,לא מבעיא,צריך שבאותו נושא יהיה קצת חידוש ,יד מלאכי,7,
161,לא נצרכא,"לא נצרכה אלא  לכי האי גוונא =  לא צריכא אלא 
מפסיקין בין מילה לא למילה צריכא ","של""ה",7,
162,לא שנו אלא,"לא נאמר על דבר משנה, אלא על דיוק",כללי הגמרא ,11,
163,לאו תרוצי קמתרצת לה תריץ ואימא הכי,"כשבא המקשה להקשות לו מברייתא .. שדורש תירוץ, עונה הפשטן 'לא תרוצי קא מתרצת לה' כי היכי דלא ליהוי משבשתא מכיון דנחית לתרוצה תריץ נמי 'ואימא' כך וכך באופן דלא תיקשי [עלי] ",יד מלאכי,12,
164,לדברי פלוני קאמר,,,,אין הסבר
165,להודיעך כוחו דפלוני,כוחא דהיתרא עדיף,הליכות עולם ,11,
166,להשוות גזירות חכמים זה לזה,אין לדמות גזירות חכמים אלא במקום שהגמרא מביאה ,כללי הגמרא ,11,
167,לטעמיה,"כשמביאים מימרא דרב שהיא בעצם ברייתא שלא שלו, מכיוון שהוא הביא את הברייתא לבית המדרש ",גופי הלכות,8,
168,לייט עלה,קללה,,11,
169,לימא,לא בא לשון זה בגמרא אלא בדבר שנדחה בסוף ,הליכות עולם ,7,
170,לימא הני תנאי כהני תנאי,מקשים למה מביאים פלוגתא מסויימת פעמיים ,כללי שמואל ,7,
171,לימא כתנאי,"דחיקא ליה מילתא שיאמר האמורא דבר סתם דלא ככולי עלמא, שאם לפסוק הלכה בא, לימא בהדיא הלכה כפלוני. ","של""ה",12,
172,לימא כתנאי... דאיכא תנא דקאי כוותיה,לימא כתנאי,,12,
173,לימא מסייע ליה,הסיוע הוא הבא לחזק הלכה קלה לקיימה להיותה הלכה מוחזקת,גופי הלכות,11,
174,לימא תנן סתמא דלא כפלוני,"לימא תנן סתמא דלא כפלוני' ובין דאמרינן 'לימא תנן סתמא כפלוני' תרווייהו לאקשויי קאתי.
'לימא תנן סתמא כפלוני' ההוא פלוני לית הלכתא כוותיה","של""ה",12,
175,לימוד הוא ערוך בידינו,למדו מרבותם דבר זה אבל זה לא הלכה למשה מסיני,יד מלאכי,8,
176,לישנא אחרינא,"חידוש אחר,כהאמורא אומר לתלמידים קבלתו וסברתו בדין, לא דייק כל כך בלשונו, אבל בשעת הוראתו הדין למעשה שבא לפניו, אז מדקדק בענין שלא יטעו",הליכות אלי,12,
177,למאי נפקא מינה,"היכי דמי' שואל באיזה נושא נאמר הדין הזה.
למאי נ""מ, כגון שהנושא ידוע, ושואל למאי נ""מ, כלומר מה לי שיהיה כך.","של""ה",11,
178,למימרא,"בא לחדש
לומר ש... [משמע ש…] כהקדמה לקושיה, מחדדים את המסקנה היוצאת ממה שנאמר קודם לכן, ומתוך כך מקשים על מסקנה זו",פורטל הדף היומי,7,
179,לעולם,"אלא - דוחה את כל מה שנאמר קודם 
לעולם - דחיה, אך יש דרך לחזור ",,12,
180,לעולם אימא לך,"2 חלוקות + 2 קושיות + תירוץ ל-1 + קושיא ל-1, לכן חוזרים 
רבמ""ם - קושטא דמילתא 
רשב""א - דחיה","של""ה
יד מלאכי 
",11,
181,מאי או אינו קאמר,,,,אין הסבר
182,מאי איכא למימר,"ואין הכוונה שיש עליו קושיא מפורשת, אלא לומר שאין לו הכרע לדבריו",כללי הגמרא ,11,
,מאי איריא,מדוע לימד דווקא בזה,,14,
183,מאי בינייהו,היא שאלה על מחלוקת אמוראים בטעם הדין,"של""ה",11,
184,מאי הוי עלה,לידע איך הוא פסקא דדינא אחר שקלא וטריא,יד מלאכי,11,
185,מאי הוי עלה ,לבירור ההלכה אחרי השקלא וטריא,הליכות עולם ,8,
186,מאי ואומר,"כיצד אנו למדין מן המקרא הראשון, ולמה נאמרו שנים","רש""י ביצה ה:",11,
187,מאי טעמא,"שאלת מנא הני מילי על יחיד - הלכה כמותו
שאלת מאי טעמא על יחיד - אין הלכה כמותו",גופי הלכות,9,
188,מאי לאו,מאלו השני צדדין מהו האמיתי ?  וצריך להפריד בין מאי (מהו) -ללאו,כללי שמואל,11,
189,מאי משמע,מֵאֵי משמע - משמעות דקרא מאיזה מקום הוא,"של""ה",11,
190,מאי קא משמע לן - פשיטא,"שמקשה 'מאי קא משמע לן' 'פשיטא',
ומשיב 'מהו דתימא' כך וכך 'קא משמע לן', 
והדר מקשה 'ואימא הכי נמי', ומשיב ","של""ה",11,
191,"מאי קמ""ל תנינא","כאשר אמורא מביא איזה דין , והדין ההוא כתוב במשנה , מקשים 'מאי קמ""ל  תנינא?'",כללי שמואל,11,
192,מאי קראה,"מֵאֵי קראה 
מנא לן \ מנא הני מילי - הוכחה מפסוק 
מאי קרא - אסמכתא מפסוק בלבד, מכיון שזאת הלכה למשה מסיני",יד מלאכי,7,
193,מאי קראה,אסמכתא ורמז בעלמא בעניינים שהם מדברי סופרים,יד מלאכי,8,
194,מאי קשיא ליה,,,,אין הסבר
195,מאי שנא \ ורמינהו,"מאי שנא - סתירה בעיקרון הסברא 
ורמינהו - סתירה בדין

'מאי שנא = מאי טעמא",גופי הלכות ,11,
196,מאן דהוא,אחד מן התלמידים שלא זכרו שמו,ר' אהרן מגיד ,11,
197,מאן חכמים,מאן חכמים ? רבי פלוני. שהטעם בהיות המקבלים רבים שקבלו מן החכם ההוא,כללי שמואל ,11,
198,מאן תנא,כשלכאורה דקיימת סתירה בין דברי תנא אחד במקום אחד עם עצמו במקום אחר,כללי הגמרא ,11,
199,מגיד,"פשוטו אינו כמשמעו, מצמצם את הדיוק המתבקש",,11,
200,מגיד לך הכתוב,ראה 'מגיד',,12,
201,מדרגות הנבואה,,,,אין הסבר
202,מה טעם קאמר,המשפט השני בא להסביר המשפט הרשאון,יד מלאכי,11,
203,מה מצינו- בנין אב,,,,
204,מה נפשך,"אם אין להם מחלוקות בדין, למה באו למחלוקת בטעם, שיהיה טעם זה או טעם זה.
ואם יש להם מחלוקת בדין, מהו הדין שיש ביניהם עד שבאו למחלוקת בטעם. ","של""ה",11,
205,"מה ת""ל [.] מגיד לך הכתוב",מה זה בא לחדש,,14,
206,"מהו דתימא .. קמ""ל","בכל דוכתא דאמרינן כה""ג , לא נשאר כן, והכי קאמר 'אי לאו הכי הוה אמינא כך וכך, קמ""ל דלא",כללי שמואל ,11,
207,מהו דתימא .. סלקא דעתך אמינא,"כאשר ישנה סברא נכונה, אלא שהיא אינה מתאימה לכאן  הגמ' משתמשת בלשון 'מהו דתימא'.
וכאשר הסברא אינה נכונה , הגמ' משתמשת בלשון סד""א","החיד""א",11,
208,מהי הוי עלה,לבירור ההלכה אחרי השקלא וטריא,הליכות עולם ,7,
209,מוחלפת השיטה,"ר""ל ששיטת המסורת היא הפוכה. 
בכל מקום שמקשה בתנאים שסותרין עצמן ומתרץ 'מוחלפת השיטה', החליפו כל אחד שיטתו שהיה לו ויצא ממנה ולקח לו שיטה אחרת שהיה לפנינו",כללי שמואל ,11,
210,מוקמינן מתניתין בתרי טעמי אליבא דתנא אחד,כל היכא שאנו יכולים לומר שנחלקו בסברתם דמר סבר הכי ומר סבר הכי טפי עדיף מלומר שנחלקו בסברת רבם דמר אמר הכי אמר רב ומר אמר הכי אמר רב,יד מלאכי,8,
211,מי סברת,"האם אתה סבור ! - הגמרא שואלת כך, כאשר מה שנאמר הוא לא כמו שמקובל",כללי הגמרא ,12,
212,מילט לייטינן ליה ,קללה,,11,
213,מכאן \ מכאן אמרו,"מכאן - רק מכון ולא ממקום אחר
מכאן אמרו - גם ממקום אחר ",יד מלאכי,12,
214,מן התורה,אסמכתא,"מרן החיד""א",11,
215,מנא אמינא לן,כשהגמרא שואלת מנין לנו מקור דין זה במשנה או בברייתא ,,11,
216,מנא הני מילי,"מנא לן \ מנא הני מילי - הוכחה מפסוק 
מאי קרא - אסמכתא מפסוק בלבד, מכיון שזאת הלכה למשה מסיני",יד מלאכי,7,
217,מנא לן,"מנא לן \ מנא הני מילי - הוכחה מפסוק 
מאי קרא - אסמכתא מפסוק בלבד, מכיון שזאת הלכה למשה מסיני",יד מלאכי,7,
218,מסייע לרבי פלוני,לא קאמר במילתא דהוי פלוגתא דתנאי,הליכות אלי,11,
219,מסתבר טעמיה כנגד יחיד ורבים הלכה כרבים,"דאף דמסתבר טעמיה דר""מ אין לנו לפסוק אלא כרבנן משום דרבים נינהו ",יד מלאכי,12,
220,מפני מה אמרה תורה,בדבר שהצדוקים מודים בו וכשאומר מפני מה אמרה תורה הוא דבר שאין הצדוקים מודים בו ,יד מלאכי,11,
221,מקרא נדרש לפניו ולאחריו,,,,
222,מר סבר ומר סבר,חוקרים על טעם הסברא שהוא גורם מחלוקת בין החולקים,הליכות עולם,11,
223,משבשתא,"לעתים בדרך זו מתרץ התלמוד קושיה מברייתא, כאשר מוכיחים כי נוסח הברייתא משובש",,11,
224,משום,לא שמעה ממנו אבל שמעה מאחר שקבלה ממנו,"של""ה",11,
225,משמיה דנפשיה קאמר,תלמיד האומר דבר ששמע מרבו - מקבלים דבריו כאילו שמעוה מפי רבו ,יד מלאכי,7,
226,משמע,כלל בפסיקה : כך נראה מפשט הלשון אך זה לא הפירוש הבלעדי,יד מלאכי,7,
227,משמעות המקרא,,,,אין הסבר
228,משנה לא זזה ממקומה,"[שכשהיו] שונים על פה.. ושכחו קצת תיבות, ולא רצה רבי לכתוב אלא בלשון שהיתה שגורה בפי רוב התלמידים ..וסמך על המעיין שיבין החסרון ויגיה","של""ה",11,
229,מתיב / מתיבי,לשון תיובתא שייך כשהמקשה משיב על אמורא מכוח משנה או ברייתא,הליכות עולם,11,
230,"מתניתין דלא כי האי תנא (המובא בברייתא) \ 
לימא מתניתין דלא כי האי תנא""","ההלכה תהיה כמו המשנה ולא כמו התנא בברייתא , מכיוון שלא אמר ""לימא מתניתין דלא כי האי תנא""",יד מלאכי,8,
231,מתניתין מני ?,שואלים על אותה משנה לא כפלוני ולא כפלוני אלא כמי ? ובוודאי זה אחד מהם ולא שלישי - מני מתניתין ואמאן תרמייה,הליכות עולם,11,
232,מתקיף,מתקיף שאינו מקשה לשום אדם אלא לעצמו שהוא תמה בעצמו על דבר משנה,הליכות עולם ,8,
233,ניחא לן לדחוקי מתניתין ולאוקמא כיחידאה,"ניחא לן לדחוקי מתניתין ולאוקמא כיחידאה, מלמימר תנא ושייר","של""ה",11,
234,נילף מיניה,"מאי דגלי קרא מסייע לסברא, או שהסברא יש צדדים לכאן ולכאן וגלי קרא כאחד הצדדין אמרינן ויליף מיניה",עין זוכר,11,
,נימא,לא ידחה בסוף - מכוון להלכה,,14,
235,סבר רבי פלוני למימר הכי,"- חזר בו 
- לא חזר בו",,11,
236,סוף סוף,סוף סוף הקושיא לא מתורצת ,גופי הלכות,11,
237,"סלקא דעתך-קמ""ל","השורש כל דבר הוא מצד השי""ת, הוא טוב. ס""ד ,שאינו אליבא דאמת, אכן ע""י הס""ד, יתגלה מקור המכוון : 'קמשמע לן' ",תפארת החנוכי  ,12,
238,סמי לברייתא,כאשר יש צורך למחוק קטע מברייתא,רב שרירא גאון ,11,
239,ספיקא דאורייתא לחומרא,"- מדרבנן החמירו על ספיקא מדאורייתא
- מדאורייתא  מחמירינן",יבין שמועה,11,
240,ספיקא דרבנן לקולא,"ספק שהוא מחיסרון ידיעה , אף באיסור דרבנן לא אזלינן לקולא",,11,
241,ספרא דבי רב,"מדרש הלכה על ספר במדבר מ'וישלחו מן המחנה' (במדבר ה, ב) עד סוף הספר ","של""ה",11,
242,ספרא דרב,"ספרא = תורת כהנים ,מדרש הלכה על ספר ויקרא","של""ה",11,
243,סתם משנה רבי מאיר,רבי בחר לו את דרך לימודו של רבי מאיר שלמד מרבי עקיבא,יד מלאכי,11,
244,עיקר כוונת כתיבת התורה,,,,אין הסבר
245,פוק תנאי לברא,כמאן דאמר ליה סמי ברייתא זו לגמרי ,מגיני שלמה ,11,
246,פירוש הכתוב,ראה 'הכתוב מדבר',,12,
247,פסוק במשנה,"פסוק המובא במשנה או בברייתא יכול להיות אסמכתא בעלמא, וזה מדרבנן ",הליכות עולם ,11,
248,פשיטא-למה,"מקשן שואל פשיטא, תרצן מתרץ, מקשן שואל למה , כי למקשן יש נושא שסובל שני דרכים",כללי שמואל,11,
249,פשיטא לי,הקדמה לשאלה ,כללי הגמרא ,11,
250,צריכא למימר,"צריכא למימר ? (הרי זה ברור)  לכתחילה משמע , הא דיעבד שפיר דמי",הליכות עולם,11,
251,צריכותא,"""בקל עושה צריכותא"" למרות זאת מביאים את העניין לאפוקי מטעות רחוקה ","מהר""י בי רב",11,
252,קא סלקא דעתך,רוצה לומר דעת המקשה ובמסקנא לא קאי הכי,הליכות עולם ,11,
253,קב ונקי,"נאמר על רב פלוני, והלכה כמותו ","רש""י",11,
254,קדימות אמירתו לשמו ושמו לאמירתו,בכל מקום שתמצא בגמרא פלוני אומר בידוע שהוא חולק על שלפניו,הליכות עולם,11,
255,קהילא קדישא בירושלים,ר' שמעון בן מנסיא ור' יוסי בן משולם - עדה קדושה משום שהיו משלשין ימותיהן שליש לתפלה שליש בתורה שליש למלאכה ,מבוא התלמוד,11,
256,"קמ""ל","מהו דתימא .. קמ""ל",,11,
257,קסבר / הוא סבר,"שהאמורא מתרץ לנפשיה אבל הש""ס לא סובר כך - ואין הלכה כמותו -  (שואלים מ""ט קסבר <> מ""ט דכתיב)",יד מלאכי,7,
258,קשיא,"קשיא 
תיובתא = דחית מימרא ",יבין שמועה,11,
259,קשיא דפלוני קשיא,"-תיובתא דפלוני תיובתא - נדחין דברי אותו פלוני, לית הלכתא כוותיה
-קשיא דפלוני קשיא - לא נדחו דברי אותו פלוני לגמרי אבל הדבר תלוי ועומד הוא",הליכות עולם ,11,
260,רב תנא הוא ופליג,"רב - דור ראשון של אמוראים, מצי דפליג אתנא ",יד הלאכי,11,
261,רבותינו שבארץ ישראל ,רבי אבא ,,11,
262,רבותינו שבבבל,רב ושמואל,,11,
263,רבנן דבי רב,"שם כולל לחכמי בית המדרש, ורק לפעמים מדובר בבית המדרש של ""רב הונא""",הרב יוסף שמשי,11,
264,רחמנא אמר,מדרבן,"השגות הרמב""ן",11,
265,רישא דומיא דסיפא,דרך משנה וברייתא למיתני סיפא דומיא דרישא אי נמי רישא דומיא דסיפא,הליכות עולם,11,
266,רמיא,"כשמקשה ומשליך משניות וברייתות הסותרות זו לזו, או כשמקשה פסוקים זה על זה רמו קראי אהדדי",,11,
267,רמינהי,"כשמקשה ומשליך משניות וברייתות הסותרות זו לזו, או פסוקים זה על זה",הליכות עולם,11,
268,שאני הכא,"שאני הכא ולא אמר דילמא, פסיק הוא כלישנא דתלמודא אף ע""פ שאינו עומד",יד מלאכי,11,
269,שלחו מתם , רבי אלעזר,,11,
270,שמועה מפי רבו,תלמיד שהיה אומר בבית המדרש שמועה\הלכה בשם רבו היו מקבלין אותה כאילו שמעוה מפי הרב עצמו..אי לא הוה תמן מאן דפליג עלה,יד מלאכי,11,
271,שמע מינה - שמעת מינה,מכאן מסיקים - במקום אחר יש קושיא דלא איפשתא,הליכות עולם,14,
272,שנאמר,ראיה מוחלטת ,,14,
273,שני כתובים הבאים כאחד,"מלמדים חוץ ממה שכתוב בפסוקים 
לא מלמדים = דווקא המקרים הכתובים בפסוקים נלמדים ולא אחרים",הליכות עולם,11,
274,שתיקה כהודאה דמי ,"בנין אב בכל התלמוד
כשתלמיד מקשה על הרב והרב שותק זה לא אומר שהסכים לדבריו
אם המקשה הוא תלמיד חבר והרב שותק אז  הוא הסכים לדבריו","של""ה
יד מלאכי 
",8,
275,"ת""ק וחכמים הלכה כמי ?","לימדנו הרא""ש .. דהלכה כחכמים",יד מלאכי,11,
276,תא שמע,"קודם מקשים על אמורא ממשנה או מברייתא במיתיבי, לאחר התירוץ מקשים שוב בתא שמע ",כללי התלמוד,9,
,תדע,הדבר היה ברור אצלם שכך היא הלכה,"שו""ת רשב""א",14,
277,תהי בה ר' יוחנן,"קללה, מגדף",תוספות,11,
278,תורה,הלכה למשה מסיני,רבי  חזיקיהו מדיני,11,
279,תורתך,הפרו תורתיך - איסור דברים שבכתב לאומרם ע״פ הוי מדאורייתא ,רבי  חזיקיהו מדיני,11,
280,תיובתא,כשהקשה משיב על אמורא מכח משנה או ברייתא,הליכות עולם,9,
281,תיובתא דפלוני תיובתא,אין הלכה כפלוני אלא כחברו,ספר הכריתות,9,
282,תנא,תוספתא היא שנוספה על המשנה - הוסיפו אותו חכמים בגמרא מן הברייתא,סדר תנאים ואמוראים ,11,
283,תנא דבי חזקיה,"בנו של רבי חייא, משום שהיה שונה הברייתות של אביו, ויש חולקים","של""ה",11,
284,תנא דבי רב,תנא דבי רב היתה שגורה בפי הכל,גופי הלכות,11,
285,תנא דבי רבי ישמעאל,"תנא דבי רבי ישמעאל כך הלכה
דבי ר' ישמעאל תנא אינה הלכה",הליכות עולם,11,
286,תנא דבי שמואל,בתוספתא שסידר שמואל מתנאים שלפניו,"של""ה",11,
287,תנא ושייר,"דברים שצריך להוסיף על המשנה 
- דכל היכא דתני ענינים רבים אמרינן 'תנא ושייר' אף על גב דקתני 'אלו', 
- אבל כי לא תני ענינים רבים וקתני 'אלו' לא אמרינן תנא ושייר",הליכות עולם ,11,
288,תנא מייתי לה מהכא,כשהאמורא יליף איזה דבר מפסוק א' והתנא מייתי לה מקרא אחרינא,יד מלאכי,11,
289,תנא תונא (ו),"""תנא תונא"" כ""תנא דידן"" [=תנא שלנו], זאת אומרת: התנא באחת המשניות שבפרק הנלמד",,11,
290,תני רב ספרא,תני רב ספרא משום חד דבי רבי - משום רבן גמליאל בני של רבי יהודה הנשיא,"של""ה",11,
291,תני רבי שמואל,תוספתא שסידר שמואל מתנאים שלפניו,"של""ה",11,
292,תני תנא  קמיה,תנא בכאן אמורא על שם שקבל האי מתניתא מרבו ובא וספרה,הליכות עולם ,11,
293,תני תנא קמיה,"אמורא (רש""י - לאו דווקא תנא) שאומר ברייתא מרבו = פלוני אתא ואייתי מתניתא בידיה = הוא תני לה (קיבלה מרבו) והוא אמר לה ( פירשה מסברתו)",הליכות עולם ,7,
,תניא אידך,בא לסייע ולא לחלוק - הברייתא הקמייתא,,14,
294,תניא נמי הכי | דמסייע לך,"תניא נמי הכי \ תניא דמסייע לך \ אף אנן נמי תנינא - המאמר מובא לצרכי סיוע ולא להקשות 
מאי נפקא מינה \ למאי הלכתא - מה התועלת היוצא מהמאר הזה ","של""ה",7,
296,תנינא להא דתנו רבנן,"תנינא במתני' להא דת""ר וכלומר דהברייתא בר סמכא היא",יד מלאכי,11,
,תניתוה,מה שנשנה במשנתנו,,14,
297,תנן התם ,"לימוד ממסכתא אחרת. (ראינו שרש""י מציין כשזה מאותו פרק)",הליכות עולם ,8,
298,תסתיים,תסתיים דפלוני' הוא דאמר הא מכוח מימרא אחרת נמצאת לאחר מכן,מבוא התלמוד,11,
299,תפשת מרובה לא תפשת,אם אתה תופש את המועט אין מוציאין אותו מידך שהמועט בכלל המרובה אבל באת לתפוש המרובה אומר לך הבא ראיה וטול ,תוספות,11,